ticker,name,sector
NVDA,NVIDIA CORP,Information Technology
AAPL,APPLE INC,Information Technology
MSFT,MICROSOFT CORP,Information Technology
AMZN,AMAZON.COM INC,Consumer Discretionary
GOOGL,ALPHABET INC CLASS A,Communication
AVGO,BROADCOM INC,Information Technology
GOOG,ALPHABET INC CLASS C,Communication
META,META PLATFORMS INC CLASS A,Communication
TSLA,TESLA INC,Consumer Discretionary
BRKB,BERKSHIRE HATHAWAY INC CLASS B,Financials
JPM,JPMORGAN CHASE & CO,Financials
LLY,ELI LILLY,Health Care
XOM,EXXON MOBIL CORP,Energy
MU,MICRON TECHNOLOGY INC,Information Technology
AMD,ADVANCED MICRO DEVICES INC,Information Technology
WMT,WALMART INC,Consumer Staples
V,VISA INC CLASS A,Financials
JNJ,JOHNSON & JOHNSON,Health Care
COST,COSTCO WHOLESALE CORP,Consumer Staples
INTC,INTEL CORPORATION CORP,Information Technology
CAT,CATERPILLAR INC,Industrials
MA,MASTERCARD INC CLASS A,Financials
NFLX,NETFLIX INC,Communication
ABBV,ABBVIE INC,Health Care
CSCO,CISCO SYSTEMS INC,Information Technology
CVX,CHEVRON CORP,Energy
BAC,BANK OF AMERICA CORP,Financials
PG,PROCTER & GAMBLE,Consumer Staples
UNH,UNITEDHEALTH GROUP INC,Health Care
HD,HOME DEPOT INC,Consumer Discretionary
LRCX,LAM RESEARCH CORP,Information Technology
PLTR,PALANTIR TECHNOLOGIES INC CLASS A,Information Technology
AMAT,APPLIED MATERIAL INC,Information Technology
KO,COCA-COLA,Consumer Staples
GE,GE AEROSPACE,Industrials
ORCL,ORACLE CORP,Information Technology
GEV,GE VERNOVA INC,Industrials
MRK,MERCK & CO INC,Health Care
GS,GOLDMAN SACHS GROUP INC,Financials
PM,PHILIP MORRIS INTERNATIONAL INC,Consumer Staples
TXN,TEXAS INSTRUMENT INC,Information Technology
WFC,WELLS FARGO,Financials
LIN,LINDE PLC,Materials
RTX,RTX CORP,Industrials
KLAC,KLA CORP,Information Technology
C,CITIGROUP INC,Financials
IBM,INTERNATIONAL BUSINESS MACHINES CO,Information Technology
MS,MORGAN STANLEY,Financials
PEP,PEPSICO INC,Consumer Staples
MCD,MCDONALDS CORP,Consumer Discretionary
VZ,VERIZON COMMUNICATIONS INC,Communication
NEE,NEXTERA ENERGY INC,Utilities
ADI,ANALOG DEVICES INC,Information Technology
QCOM,QUALCOMM INC,Information Technology
DIS,WALT DISNEY,Communication
T,AT&T INC,Communication
ANET,ARISTA NETWORKS INC,Information Technology
AMGN,AMGEN INC,Health Care
TMO,THERMO FISHER SCIENTIFIC INC,Health Care
TJX,TJX INC,Consumer Discretionary
APH,AMPHENOL CORP CLASS A,Information Technology
AXP,AMERICAN EXPRESS,Financials
BA,BOEING,Industrials
SNDK,SANDISK CORP,Information Technology
CRM,SALESFORCE INC,Information Technology
ETN,EATON PLC,Industrials
GILD,GILEAD SCIENCES INC,Health Care
ISRG,INTUITIVE SURGICAL INC,Health Care
BLK,BLACKROCK INC,Financials
UNP,UNION PACIFIC CORP,Industrials
ABT,ABBOTT LABORATORIES,Health Care
SCHW,CHARLES SCHWAB CORP,Financials
COP,CONOCOPHILLIPS,Energy
UBER,UBER TECHNOLOGIES INC,Industrials
PFE,PFIZER INC,Health Care
WELL,WELLTOWER INC,Real Estate
WDC,WESTERN DIGITAL CORP,Information Technology
PANW,PALO ALTO NETWORKS INC,Information Technology
DE,DEERE,Industrials
MRVL,MARVELL TECHNOLOGY INC,Information Technology
BKNG,BOOKING HOLDINGS INC,Consumer Discretionary
HON,HONEYWELL INTERNATIONAL INC,Industrials
PLD,PROLOGIS REIT INC,Real Estate
LOW,LOWES COMPANIES INC,Consumer Discretionary
SPGI,S&P GLOBAL INC,Financials
MO,ALTRIA GROUP INC,Consumer Staples
VRT,VERTIV HOLDINGS CLASS A,Industrials
GLW,CORNING INC,Information Technology
SBUX,STARBUCKS CORP,Consumer Discretionary
NEM,NEWMONT,Materials
CB,CHUBB,Financials
BMY,BRISTOL MYERS SQUIBB,Health Care
COF,CAPITAL ONE FINANCIAL CORP,Financials
PGR,PROGRESSIVE CORP,Financials
CRWD,CROWDSTRIKE HOLDINGS INC CLASS A,Information Technology
PH,PARKER-HANNIFIN CORP,Industrials
ACN,ACCENTURE PLC CLASS A,Information Technology
DHR,DANAHER CORP,Health Care
APP,APPLOVIN CORP CLASS A,Information Technology
PWR,QUANTA SERVICES INC,Industrials
INTU,INTUIT INC,Information Technology
TT,TRANE TECHNOLOGIES PLC,Industrials
VRTX,VERTEX PHARMACEUTICALS INC,Health Care
SO,SOUTHERN,Utilities
EQIX,EQUINIX REIT INC,Real Estate
LMT,LOCKHEED MARTIN CORP,Industrials
CME,CME GROUP INC CLASS A,Financials
ADBE,ADOBE INC,Information Technology
CVS,CVS HEALTH CORP,Health Care
MDT,MEDTRONIC PLC,Health Care
SYK,STRYKER CORP,Health Care
MCK,MCKESSON CORP,Health Care
DUK,DUKE ENERGY CORP,Utilities
CMCSA,COMCAST CORP CLASS A,Communication
HWM,HOWMET AEROSPACE INC,Industrials
CEG,CONSTELLATION ENERGY CORP,Utilities
NOW,SERVICENOW INC,Information Technology
TMUS,T MOBILE US INC,Communication
BX,BLACKSTONE INC,Financials
SNPS,SYNOPSYS INC,Information Technology
CDNS,CADENCE DESIGN SYSTEMS INC,Information Technology
BK,BANK OF NEW YORK MELLON CORP,Financials
WMB,WILLIAMS INC,Energy
CMI,CUMMINS INC,Industrials
JCI,JOHNSON CONTROLS INTERNATIONAL PLC,Industrials
ICE,INTERCONTINENTAL EXCHANGE INC,Financials
USB,US BANCORP,Financials
GD,GENERAL DYNAMICS CORP,Industrials
ADP,AUTOMATIC DATA PROCESSING INC,Industrials
PNC,PNC FINANCIAL SERVICES GROUP INC,Financials
SLB,SLB NV,Energy
AMT,AMERICAN TOWER REIT CORP,Real Estate
WM,WASTE MANAGEMENT INC,Industrials
CSX,CSX CORP,Industrials
FDX,FEDEX CORP,Industrials
BSX,BOSTON SCIENTIFIC CORP,Health Care
ELV,ELEVANCE HEALTH INC,Health Care
ORLY,OREILLY AUTOMOTIVE INC,Consumer Discretionary
FCX,FREEPORT MCMORAN INC,Materials
MRSH,MARSH INC,Financials
MDLZ,MONDELEZ INTERNATIONAL INC CLASS A,Consumer Staples
UPS,UNITED PARCEL SERVICE INC CLASS B,Industrials
MAR,MARRIOTT INTERNATIONAL INC CLASS A,Consumer Discretionary
EMR,EMERSON ELECTRIC,Industrials
CRH,CRH PUBLIC LIMITED PLC,Materials
NOC,NORTHROP GRUMMAN CORP,Industrials
MMM,3M,Industrials
EOG,EOG RESOURCES INC,Energy
CIEN,CIENA CORP,Information Technology
VLO,VALERO ENERGY CORP,Energy
CI,CIGNA,Health Care
ITW,ILLINOIS TOOL INC,Industrials
MPC,MARATHON PETROLEUM CORP,Energy
SHW,SHERWIN WILLIAMS,Materials
AEP,AMERICAN ELECTRIC POWER INC,Utilities
MPWR,MONOLITHIC POWER SYSTEMS INC,Information Technology
ROST,ROSS STORES INC,Consumer Discretionary
HLT,HILTON WORLDWIDE HOLDINGS INC,Consumer Discretionary
MSI,MOTOROLA SOLUTIONS INC,Information Technology
NSC,NORFOLK SOUTHERN CORP,Industrials
REGN,REGENERON PHARMACEUTICALS INC,Health Care
PSX,PHILLIPS 66,Energy
MCO,MOODYS CORP,Financials
HCA,HCA HEALTHCARE INC,Health Care
KKR,KKR AND CO INC,Financials
CL,COLGATE-PALMOLIVE,Consumer Staples
DLR,DIGITAL REALTY TRUST REIT INC,Real Estate
BKR,BAKER HUGHES CLASS A,Energy
GM,GENERAL MOTORS,Consumer Discretionary
NET,CLOUDFLARE INC CLASS A,Information Technology
SPOT,SPOTIFY TECHNOLOGY SA,Communication
RCL,ROYAL CARIBBEAN GROUP LTD,Consumer Discretionary
APD,AIR PRODUCTS AND CHEMICALS INC,Materials
LITE,LUMENTUM HOLDINGS INC,Information Technology
TRV,TRAVELERS COMPANIES INC,Financials
SPG,SIMON PROPERTY GROUP REIT INC,Real Estate
DELL,DELL TECHNOLOGIES INC CLASS C,Information Technology
AON,AON PLC CLASS A,Financials
FIX,COMFORT SYSTEMS USA INC,Industrials
ECL,ECOLAB INC,Materials
TFC,TRUIST FINANCIAL CORP,Financials
DASH,DOORDASH INC CLASS A,Consumer Discretionary
TDG,TRANSDIGM GROUP INC,Industrials
KMI,KINDER MORGAN INC,Energy
WBD,WARNER BROS. DISCOVERY INC SERIES,Communication
SRE,SEMPRA,Utilities
KEYS,KEYSIGHT TECHNOLOGIES INC,Information Technology
URI,UNITED RENTALS INC,Industrials
AZO,AUTOZONE INC,Consumer Discretionary
PCAR,PACCAR INC,Industrials
ABNB,AIRBNB INC CLASS A,Consumer Discretionary
LHX,L3HARRIS TECHNOLOGIES INC,Industrials
O,REALTY INCOME REIT CORP,Real Estate
TGT,TARGET CORP,Consumer Staples
CTAS,CINTAS CORP,Industrials
COHR,COHERENT CORP,Information Technology
LNG,CHENIERE ENERGY INC,Energy
OKE,ONEOK INC,Energy
ALL,ALLSTATE CORP,Financials
HOOD,ROBINHOOD MARKETS INC CLASS A,Financials
COR,CENCORA INC,Health Care
MSTR,STRATEGY INC CLASS A,Information Technology
APO,APOLLO GLOBAL MANAGEMENT INC,Financials
CTVA,CORTEVA INC,Materials
D,DOMINION ENERGY INC,Utilities
TER,TERADYNE INC,Information Technology
TRGP,TARGA RESOURCES CORP,Energy
MNST,MONSTER BEVERAGE CORP,Consumer Staples
FTNT,FORTINET INC,Information Technology
AME,AMETEK INC,Industrials
AFL,AFLAC INC,Financials
CARR,CARRIER GLOBAL CORP,Industrials
AJG,ARTHUR J GALLAGHER,Financials
VST,VISTRA CORP,Utilities
ETR,ENTERGY CORP,Utilities
NUE,NUCOR CORP,Materials
ADSK,AUTODESK INC,Information Technology
NKE,NIKE INC CLASS B,Consumer Discretionary
CVNA,CARVANA CLASS A,Consumer Discretionary
FAST,FASTENAL,Industrials
EA,ELECTRONIC ARTS INC,Communication
FERG,FERGUSON ENTERPRISES INC,Industrials
ZTS,ZOETIS INC CLASS A,Health Care
GWW,WW GRAINGER INC,Industrials
MCHP,MICROCHIP TECHNOLOGY INC,Information Technology
XEL,XCEL ENERGY INC,Utilities
EW,EDWARDS LIFESCIENCES CORP,Health Care
NU,NU HOLDINGS CLASS A,Financials
PSA,PUBLIC STORAGE REIT,Real Estate
PYPL,PAYPAL HOLDINGS INC,Financials
EXC,EXELON CORP,Utilities
EBAY,EBAY INC,Consumer Discretionary
AU,ANGLOGOLD ASHANTI PLC,Materials
SNOW,SNOWFLAKE INC,Information Technology
CAH,CARDINAL HEALTH INC,Health Care
F,FORD MOTOR CO,Consumer Discretionary
ROK,ROCKWELL AUTOMATION INC,Industrials
FITB,FIFTH THIRD BANCORP,Financials
IDXX,IDEXX LABORATORIES INC,Health Care
WAB,WESTINGHOUSE AIR BRAKE TECHNOLOGIE,Industrials
DAL,DELTA AIR LINES INC,Industrials
MET,METLIFE INC,Financials
YUM,YUM BRANDS INC,Consumer Discretionary
AMP,AMERIPRISE FINANCE INC,Financials
DDOG,DATADOG INC CLASS A,Information Technology
CMG,CHIPOTLE MEXICAN GRILL INC,Consumer Discretionary
BDX,BECTON DICKINSON,Health Care
COIN,COINBASE GLOBAL INC CLASS A,Financials
AIG,AMERICAN INTERNATIONAL GROUP INC,Financials
CBRE,CBRE GROUP INC CLASS A,Real Estate
STT,STATE STREET CORP,Financials
MSCI,MSCI INC,Financials
ON,ON SEMICONDUCTOR CORP,Information Technology
RSG,REPUBLIC SERVICES INC,Industrials
NDAQ,NASDAQ INC,Financials
OXY,OCCIDENTAL PETROLEUM CORP,Energy
VTR,VENTAS REIT INC,Real Estate
FANG,DIAMONDBACK ENERGY INC,Energy
EME,EMCOR GROUP INC,Industrials
PEG,PUBLIC SERVICE ENTERPRISE GROUP IN,Utilities
ED,CONSOLIDATED EDISON INC,Utilities
GRMN,GARMIN LTD,Consumer Discretionary
DHI,D R HORTON INC,Consumer Discretionary
KR,KROGER,Consumer Staples
VMC,VULCAN MATERIALS,Materials
TTWO,TAKE TWO INTERACTIVE SOFTWARE INC,Communication
CCI,CROWN CASTLE INC,Real Estate
XYZ,BLOCK INC CLASS A,Financials
RKLB,ROCKET LAB CORP,Industrials
ROP,ROPER TECHNOLOGIES INC,Information Technology
WEC,WEC ENERGY GROUP INC,Utilities
ODFL,OLD DOMINION FREIGHT LINE INC,Industrials
HPE,HEWLETT PACKARD ENTERPRISE,Information Technology
HIG,HARTFORD INSURANCE GROUP INC,Financials
KDP,KEURIG DR PEPPER INC,Consumer Staples
IRM,IRON MOUNTAIN INC,Real Estate
ALNY,ALNYLAM PHARMACEUTICALS INC,Health Care
MLM,MARTIN MARIETTA MATERIALS INC,Materials
PCG,PG&E CORP,Utilities
JBL,JABIL INC,Information Technology
ADM,ARCHER DANIELS MIDLAND,Consumer Staples
SYY,SYSCO CORP,Consumer Staples
EQT,EQT CORP,Energy
HAL,HALLIBURTON,Energy
PRU,PRUDENTIAL FINANCIAL INC,Financials
IBKR,INTERACTIVE BROKERS GROUP INC CLAS,Financials
FLEX,FLEX LTD,Information Technology
CBOE,CBOE GLOBAL MARKETS INC,Financials
FISV,FISERV INC,Financials
ACGL,ARCH CAPITAL GROUP LTD,Financials
HBAN,HUNTINGTON BANCSHARES INC,Financials
KVUE,KENVUE INC,Consumer Staples
MTB,M&T BANK CORP,Financials
A,AGILENT TECHNOLOGIES INC,Health Care
KMB,KIMBERLY CLARK CORP,Consumer Staples
NRG,NRG ENERGY INC,Utilities
STLD,STEEL DYNAMICS INC,Materials
DVN,DEVON ENERGY CORP,Energy
NTRS,NORTHERN TRUST CORP,Financials
IR,INGERSOLL RAND INC,Industrials
CASY,CASEYS GENERAL STORES INC,Consumer Staples
DTE,DTE ENERGY,Utilities
DOV,DOVER CORP,Industrials
FTI,TECHNIPFMC PLC,Energy
VICI,VICI PPTYS INC,Real Estate
CCL,CARNIVAL CORP,Consumer Discretionary
AEE,AMEREN CORP,Utilities
AXON,AXON ENTERPRISE INC,Industrials
WAT,WATERS CORP,Health Care
OTIS,OTIS WORLDWIDE CORP,Industrials
UAL,UNITED AIRLINES HOLDINGS INC,Industrials
ATO,ATMOS ENERGY CORP,Utilities
EXR,EXTRA SPACE STORAGE REIT INC,Real Estate
TDY,TELEDYNE TECHNOLOGIES INC,Information Technology
RMD,RESMED INC,Health Care
Q,QNITY ELECTRONICS INC,Information Technology
PAYX,PAYCHEX INC,Industrials
EXPE,EXPEDIA GROUP INC,Consumer Discretionary
TPR,TAPESTRY INC,Consumer Discretionary
CPRT,COPART INC,Industrials
DOW,DOW INC,Materials
CNP,CENTERPOINT ENERGY INC,Utilities
XYL,XYLEM INC,Industrials
HUM,HUMANA INC,Health Care
GEHC,GE HEALTHCARE TECHNOLOGIES INC,Health Care
RBLX,ROBLOX CORP CLASS A,Communication
INSM,INSMED INC,Health Care
CFG,CITIZENS FINANCIAL GROUP INC,Financials
RJF,RAYMOND JAMES INC,Financials
PPL,PPL CORP,Utilities
ZM,ZOOM COMMUNICATIONS INC CLASS A,Information Technology
WDAY,WORKDAY INC CLASS A,Information Technology
NTRA,NATERA INC,Health Care
BIIB,BIOGEN INC,Health Care
HUBB,HUBBELL INC,Industrials
QSR,RESTAURANTS BRANDS INTERNATIONAL I,Consumer Discretionary
CPNG,COUPANG INC CLASS A,Consumer Discretionary
ES,EVERSOURCE ENERGY,Utilities
IQV,IQVIA HOLDINGS INC,Health Care
EIX,EDISON INTERNATIONAL,Utilities
CTRA,COTERRA ENERGY INC,Energy
HSY,HERSHEY FOODS,Consumer Staples
MTD,METTLER TOLEDO INC,Health Care
SYF,SYNCHRONY FINANCIAL,Financials
CW,CURTISS WRIGHT CORP,Industrials
ALAB,ASTERA LABS INC,Information Technology
AVB,AVALONBAY COMMUNITIES REIT INC,Real Estate
FE,FIRSTENERGY CORP,Utilities
CNC,CENTENE CORP,Health Care
TWLO,TWILIO INC CLASS A,Information Technology
MTZ,MASTEC INC,Industrials
VEEV,VEEVA SYSTEMS INC CLASS A,Health Care
LPLA,LPL FINANCIAL HOLDINGS INC,Financials
CTSH,COGNIZANT TECHNOLOGY SOLUTIONS COR,Information Technology
NVT,NVENT ELECTRIC PLC,Industrials
VRSK,VERISK ANALYTICS INC,Industrials
DG,DOLLAR GENERAL CORP,Consumer Staples
LYV,LIVE NATION ENTERTAINMENT INC,Communication
CINF,CINCINNATI FINANCIAL CORP,Financials
TPL,TEXAS PACIFIC LAND CORP,Energy
AWK,AMERICAN WATER WORKS INC,Utilities
OMC,OMNICOM GROUP INC,Communication
FTAI,FTAI AVIATION LTD,Industrials
EQR,EQUITY RESIDENTIAL REIT,Real Estate
FIS,FIDELITY NATIONAL INFORMATION SERV,Financials
WTW,WILLIS TOWERS WATSON PLC,Financials
RF,REGIONS FINANCIAL CORP,Financials
XPO,XPO INC,Industrials
PPG,PPG INDUSTRIES INC,Materials
FICO,FAIR ISAAC CORP,Information Technology
UTHR,UNITED THERAPEUTICS CORP,Health Care
RVMD,REVOLUTION MEDICINES INC,Health Care
DXCM,DEXCOM INC,Health Care
ULTA,ULTA BEAUTY INC,Consumer Discretionary
TROW,T ROWE PRICE GROUP INC,Financials
SBAC,SBA COMMUNICATIONS REIT CORP CLASS,Real Estate
PHM,PULTEGROUP INC,Consumer Discretionary
CMS,CMS ENERGY CORP,Utilities
CHD,CHURCH AND DWIGHT INC,Consumer Staples
NI,NISOURCE INC,Utilities
VRSN,VERISIGN INC,Information Technology
EXE,EXPAND ENERGY CORP,Energy
ALB,ALBEMARLE CORP,Materials
DRI,DARDEN RESTAURANTS INC,Consumer Discretionary
NTAP,NETAPP INC,Information Technology
ARES,ARES MANAGEMENT CORP CLASS A,Financials
P,EVERPURE INC CLASS A,Information Technology
MKL,MARKEL GROUP INC,Financials
PFG,PRINCIPAL FINANCIAL GROUP INC,Financials
VLTO,VERALTO CORP,Industrials
STZ,CONSTELLATION BRANDS INC CLASS A,Consumer Staples
DGX,QUEST DIAGNOSTICS INC,Health Care
WWD,WOODWARD INC,Industrials
RDDT,REDDIT INC CLASS A,Communication
FSLR,FIRST SOLAR INC,Information Technology
LH,LABCORP HOLDINGS INC,Health Care
WST,WEST PHARMACEUTICAL SERVICES INC,Health Care
ENTG,ENTEGRIS INC,Information Technology
WSM,WILLIAMS SONOMA INC,Consumer Discretionary
EFX,EQUIFAX INC,Industrials
CPAY,CORPAY INC,Financials
STE,STERIS,Health Care
ATI,ATI INC,Industrials
CHRW,CH ROBINSON WORLDWIDE INC,Industrials
USFD,US FOODS HOLDING CORP,Consumer Staples
ILMN,ILLUMINA INC,Health Care
MDB,MONGODB INC CLASS A,Information Technology
KEY,KEYCORP,Financials
CRS,CARPENTER TECHNOLOGY CORP,Industrials
SW,SMURFIT WESTROCK PLC,Materials
BURL,BURLINGTON STORES INC,Consumer Discretionary
EXPD,EXPEDITORS INTERNATIONAL OF WASHIN,Industrials
SOFI,SOFI TECHNOLOGIES INC,Financials
SNA,SNAP ON INC,Industrials
BWXT,BWX TECHNOLOGIES INC,Industrials
HPQ,HP INC,Information Technology
EL,ESTEE LAUDER INC CLASS A,Consumer Staples
RGLD,ROYAL GOLD INC,Materials
JBHT,JB HUNT TRANSPORT SERVICES INC,Industrials
RBA,RB GLOBAL INC,Industrials
DD,DUPONT DE NEMOURS INC,Materials
RPRX,ROYALTY PHARMA PLC CLASS A,Health Care
RS,RELIANCE STEEL & ALUMINUM,Materials
PKG,PACKAGING CORP OF AMERICA,Materials
KHC,KRAFT HEINZ,Consumer Staples
CF,CF INDUSTRIES HOLDINGS INC,Materials
LYB,LYONDELLBASELL INDUSTRIES NV CLASS,Materials
LNT,ALLIANT ENERGY CORP,Utilities
L,LOEWS CORP,Financials
MKSI,MKS,Information Technology
EVRG,EVERGY INC,Utilities
LDOS,LEIDOS HOLDINGS INC,Industrials
MTSI,MACOM TECHNOLOGY SOLUTIONS INC,Information Technology
FTV,FORTIVE CORP,Industrials
FFIV,F5 INC,Information Technology
GIS,GENERAL MILLS INC,Consumer Staples
FWONK,LIBERTY MEDIA FORMULA ONE SERIES C,Communication
RBC,RBC BEARINGS INC,Industrials
AFRM,AFFIRM HOLDINGS INC CLASS A,Financials
BAM,BROOKFIELD ASSET MANAGEMENT VOTING,Financials
DLTR,DOLLAR TREE INC,Consumer Staples
LEN,LENNAR A CORP CLASS A,Consumer Discretionary
IFF,INTERNATIONAL FLAVORS & FRAGRANCES,Materials
BR,BROADRIDGE FINANCIAL SOLUTIONS INC,Industrials
TSCO,TRACTOR SUPPLY,Consumer Discretionary
WCC,WESCO INTERNATIONAL INC,Industrials
LUV,SOUTHWEST AIRLINES,Industrials
FCNCA,FIRST CITIZENS BANCSHARES INC CLAS,Financials
CDW,CDW CORP,Information Technology
ITT,ITT INC,Industrials
TSN,TYSON FOODS INC CLASS A,Consumer Staples
VTRS,VIATRIS INC,Health Care
OVV,OVINTIV INC,Energy
GPN,GLOBAL PAYMENTS INC,Financials
WY,WEYERHAEUSER REIT,Real Estate
SNX,TD SYNNEX CORP,Information Technology
INVH,INVITATION HOMES INC,Real Estate
EWBC,EAST WEST BANCORP INC,Financials
AMCR,AMCOR PLC,Materials
APG,API GROUP CORP,Industrials
TLN,TALEN ENERGY CORP,Utilities
ESS,ESSEX PROPERTY TRUST REIT INC,Real Estate
FLUT,FLUTTER ENTERTAINMENT PLC,Consumer Discretionary
LII,LENNOX INTERNATIONAL INC,Industrials
LVS,LAS VEGAS SANDS CORP,Consumer Discretionary
BALL,BALL CORP,Materials
IP,INTERNATIONAL PAPER,Materials
BRO,BROWN & BROWN INC,Financials
TXT,TEXTRON INC,Industrials
NVR,NVR INC,Consumer Discretionary
BG,BUNGE GLOBAL SA,Consumer Staples
LSCC,LATTICE SEMICONDUCTOR CORP,Information Technology
ZBH,ZIMMER BIOMET HOLDINGS INC,Health Care
ROL,ROLLINS INC,Industrials
IEX,IDEX CORP,Industrials
PTC,PTC INC,Information Technology
AA,ALCOA CORP,Materials
TRMB,TRIMBLE INC,Information Technology
NLY,ANNALY CAPITAL MANAGEMENT REIT INC,Financials
MRNA,MODERNA INC,Health Care
THC,TENET HEALTHCARE CORP,Health Care
WPC,W. P. CAREY REIT INC,Real Estate
ROKU,ROKU INC CLASS A,Communication
PR,PERMIAN RESOURCES CORP CLASS A,Energy
HEIA,HEICO CORP CLASS A,Industrials
ASTS,AST SPACEMOBILE INC CLASS A,Communication
CLH,CLEAN HARBORS INC,Industrials
SUI,SUN COMMUNITIES REIT INC,Real Estate
INCY,INCYTE CORP,Health Care
KIM,KIMCO REALTY REIT CORP,Real Estate
J,JACOBS SOLUTIONS INC,Industrials
SGI,SOMNIGROUP INTERNATIONAL INC,Consumer Discretionary
NDSN,NORDSON CORP,Industrials
MAA,MID AMERICA APARTMENT COMMUNITIES,Real Estate
WRB,WR BERKLEY CORP,Financials
GNRC,GENERAC HOLDINGS INC,Industrials
MAS,MASCO CORP,Industrials
EG,EVEREST GROUP LTD,Financials
DTM,DT MIDSTREAM INC,Energy
DECK,DECKERS OUTDOOR CORP,Consumer Discretionary
AKAM,AKAMAI TECHNOLOGIES INC,Information Technology
WSO,WATSCO INC,Industrials
CSL,CARLISLE COMPANIES INC,Industrials
JLL,JONES LANG LASALLE INC,Real Estate
TEAM,ATLASSIAN CORP CLASS A,Information Technology
SSNC,SS AND C TECHNOLOGIES HOLDINGS INC,Industrials
MDLN,MEDLINE INC CLASS A,Health Care
GPC,GENUINE PARTS,Consumer Discretionary
CSGP,COSTAR GROUP INC,Real Estate
HST,HOST HOTELS & RESORTS REIT INC,Real Estate
TYL,TYLER TECHNOLOGIES INC,Information Technology
LECO,LINCOLN ELECTRIC HOLDINGS INC,Industrials
MLI,MUELLER INDUSTRIES INC,Industrials
PNFP,PINNACLE FINANCIAL PARTNERS INC,Financials
CHTR,CHARTER COMMUNICATIONS INC CLASS A,Communication
SCCO,SOUTHERN COPPER CORP,Materials
ONTO,ONTO INNOVATION INC,Information Technology
FNF,FIDELITY NATIONAL FINANCIAL INC,Financials
DKS,DICKS SPORTING INC,Consumer Discretionary
VIK,VIKING HOLDINGS,Consumer Discretionary
REG,REGENCY CENTERS REIT CORP,Real Estate
RRX,REGAL REXNORD CORP,Industrials
APA,APA CORP,Energy
HII,HUNTINGTON INGALLS INDUSTRIES INC,Industrials
LULU,LULULEMON ATHLETICA INC,Consumer Discretionary
ZS,ZSCALER INC,Information Technology
OHI,OMEGA HEALTHCARE INVESTORS REIT IN,Real Estate
SMCI,SUPER MICRO COMPUTER INC,Information Technology
RKT,ROCKET COMPANIES INC CLASS A,Financials
RL,RALPH LAUREN CORP CLASS A,Consumer Discretionary
RGA,REINSURANCE GROUP OF AMERICA INC,Financials
PFGC,PERFORMANCE FOOD GROUP,Consumer Staples
UNM,UNUM,Financials
TRU,TRANSUNION,Industrials
RNR,RENAISSANCERE HOLDING LTD,Financials
TOL,TOLL BROTHERS INC,Consumer Discretionary
FOXA,FOX CORP CLASS A,Communication
TOST,TOAST INC CLASS A,Financials
HAS,HASBRO INC,Consumer Discretionary
GGG,GRACO INC,Industrials
APTV,APTIV PLC,Consumer Discretionary
EQH,EQUITABLE HOLDINGS INC,Financials
TW,TRADEWEB MARKETS INC CLASS A,Financials
GLPI,GAMING AND LEISURE PROPERTIES REIT,Real Estate
PNR,PENTAIR,Industrials
CG,CARLYLE GROUP INC,Financials
SOLS,SOLSTICE ADVANCED MATERIALS INC,Materials
RPM,RPM INTERNATIONAL INC,Materials
QXO,QXO INC,Industrials
TKO,TKO GROUP HOLDINGS INC CLASS A,Communication
MKC,MCCORMICK & CO NON-VOTING INC,Consumer Staples
NBIX,NEUROCRINE BIOSCIENCES INC,Health Care
NYT,NEW YORK TIMES CLASS A,Communication
AVY,AVERY DENNISON CORP,Materials
FIVE,FIVE BELOW INC,Consumer Discretionary
FHN,FIRST HORIZON CORP,Financials
BLD,TOPBUILD CORP,Consumer Discretionary
BJ,BJS WHOLESALE CLUB HOLDINGS INC,Consumer Staples
LAMR,LAMAR ADVERTISING COMPANY CLAS,Real Estate
BWA,BORGWARNER INC,Consumer Discretionary
OKTA,OKTA INC CLASS A,Information Technology
COO,COOPER INC,Health Care
PNW,PINNACLE WEST CORP,Utilities
PODD,INSULET CORP,Health Care
ALGN,ALIGN TECHNOLOGY INC,Health Care
PEN,PENUMBRA INC,Health Care
SWK,STANLEY BLACK & DECKER INC,Industrials
HUBS,HUBSPOT INC,Information Technology
GL,GLOBE LIFE INC,Financials
AGNC,AGNC INVESTMENT REIT CORP,Financials
ALLY,ALLY FINANCIAL INC,Financials
UDR,UDR REIT INC,Real Estate
JAZZ,JAZZ PHARMACEUTICALS PLC,Health Care
WBS,WEBSTER FINANCIAL CORP,Financials
PINS,PINTEREST INC CLASS A,Communication
ELS,EQUITY LIFESTYLE PROPERTIES REIT I,Real Estate
GWRE,GUIDEWIRE SOFTWARE INC,Information Technology
GDDY,GODADDY INC CLASS A,Information Technology
ROIV,ROIVANT SCIENCES LTD,Health Care
ARMK,ARAMARK,Consumer Discretionary
EXEL,EXELIXIS INC,Health Care
CCK,CROWN HOLDINGS INC,Materials
IONS,IONIS PHARMACEUTICALS INC,Health Care
RIVN,RIVIAN AUTOMOTIVE INC CLASS A,Consumer Discretionary
BBY,BEST BUY INC,Consumer Discretionary
ZBRA,ZEBRA TECHNOLOGIES CORP CLASS A,Information Technology
SAIA,SAIA INC,Industrials
COKE,COCA COLA CONSOLIDATED INC,Consumer Staples
AIZ,ASSURANT INC,Financials
AIT,APPLIED INDUSTRIAL TECHNOLOGIES IN,Industrials
ALLE,ALLEGION PLC,Industrials
SF,STIFEL FINANCIAL CORP,Financials
EVR,EVERCORE INC CLASS A,Financials
DOC,HEALTHPEAK PROPERTIES INC,Real Estate
JKHY,JACK HENRY AND ASSOCIATES INC,Financials
HEI,HEICO CORP,Industrials
CRCL,CIRCLE INTERNET GROUP INC CLASS A,Information Technology
CPT,CAMDEN PROPERTY TRUST REIT,Real Estate
CACI,CACI INTERNATIONAL INC CLASS A,Industrials
AR,ANTERO RESOURCES CORP,Energy
SCI,SERVICE,Consumer Discretionary
ACM,AECOM,Industrials
DT,DYNATRACE INC,Information Technology
DINO,HF SINCLAIR CORP,Energy
DKNG,DRAFTKINGS INC CLASS A,Consumer Discretionary
ELAN,ELANCO ANIMAL HEALTH INC,Health Care
ALSN,ALLISON TRANSMISSION HOLDINGS INC,Industrials
NTNX,NUTANIX INC CLASS A,Information Technology
TTD,TRADE DESK INC CLASS A,Communication
AMH,AMERICAN HOMES RENT REIT CLASS A,Real Estate
WTRG,ESSENTIAL UTILITIES INC,Utilities
GME,GAMESTOP CORP CLASS A,Consumer Discretionary
CLX,CLOROX,Consumer Staples
DPZ,DOMINOS PIZZA INC,Consumer Discretionary
IT,GARTNER INC,Information Technology
SWKS,SKYWORKS SOLUTIONS INC,Information Technology
GEN,GEN DIGITAL INC,Information Technology
EHC,ENCOMPASS HEALTH CORP,Health Care
TXRH,TEXAS ROADHOUSE INC,Consumer Discretionary
EGP,EASTGROUP PROPERTIES REIT INC,Real Estate
AES,AES CORP,Utilities
WMS,ADVANCED DRAINAGE SYSTEMS INC,Industrials
OC,OWENS CORNING,Industrials
GMED,GLOBUS MEDICAL INC CLASS A,Health Care
MUSA,MURPHY USA INC,Consumer Discretionary
RVTY,REVVITY INC,Health Care
BMRN,BIOMARIN PHARMACEUTICAL INC,Health Care
DAR,DARLING INGREDIENTS INC,Consumer Staples
OSK,OSHKOSH CORP,Industrials
NWSA,NEWS CORP CLASS A,Communication
R,RYDER SYSTEM INC,Industrials
DCI,DONALDSON INC,Industrials
RRC,RANGE RESOURCES CORP,Energy
VMI,VALMONT INDS INC,Industrials
SJM,JM SMUCKER,Consumer Staples
KNX,KNIGHT-SWIFT TRANSPORTATION HOLDIN,Industrials
ZION,ZIONS BANCORPORATION,Financials
WTFC,WINTRUST FINANCIAL CORP,Financials
ARW,ARROW ELECTRONICS INC,Information Technology
FRT,FEDERAL REALTY INVESTMENT TRUST RE,Real Estate
OGE,OGE ENERGY CORP,Utilities
SOLV,SOLVENTUM CORP,Health Care
MOH,MOLINA HEALTHCARE INC,Health Care
LFUS,LITTELFUSE INC,Information Technology
SSB,SOUTHSTATE BANK CORP,Financials
ESI,ELEMENT SOLUTIONS INC,Materials
BPOP,POPULAR INC,Financials
CGNX,COGNEX CORP,Information Technology
DOCU,DOCUSIGN INC,Information Technology
MTCH,MATCH GROUP INC,Communication
IVZ,INVESCO LTD,Financials
IOT,SAMSARA INC CLASS A,Information Technology
MP,MP MATERIALS CORP CLASS A,Materials
SN,SHARKNINJA INC,Consumer Discretionary
BAH,BOOZ ALLEN HAMILTON HOLDING CORP C,Industrials
CNM,CORE & MAIN INC CLASS A,Industrials
VNOM,VIPER ENERGY INC CLASS A,Energy
TTC,TORO,Industrials
BXP,BXP INC,Real Estate
MEDP,MEDPACE HOLDINGS INC,Health Care
SEIC,SEI INVESTMENTS,Financials
BRX,BRIXMOR PROPERTY GROUP REIT INC,Real Estate
UHS,UNIVERSAL HEALTH SERVICES INC CLAS,Health Care
CNH,CNH INDUSTRIAL N.V. NV,Industrials
PRI,PRIMERICA INC,Financials
FLS,FLOWSERVE CORP,Industrials
CAVA,CAVA GROUP INC,Consumer Discretionary
CUBE,CUBESMART REIT,Real Estate
ORI,OLD REPUBLIC INTERNATIONAL CORP,Financials
AYI,ACUITY INC,Industrials
EMN,EASTMAN CHEMICAL,Materials
AMKR,AMKOR TECHNOLOGY INC,Information Technology
BAX,BAXTER INTERNATIONAL INC,Health Care
COLB,COLUMBIA BANKING SYSTEM INC,Financials
TECH,BIO TECHNE CORP,Health Care
AFG,AMERICAN FINANCIAL GROUP INC,Financials
FDS,FACTSET RESEARCH SYSTEMS INC,Financials
ADC,AGREE REALTY REIT CORP,Real Estate
TIGO,MILLICOM INTERNATIONAL CELLULAR SA,Communication
WAL,WESTERN ALLIANCE,Financials
U,UNITY SOFTWARE INC,Information Technology
CHRD,CHORD ENERGY CORP,Energy
FOX,FOX CORP CLASS B,Communication
REXR,REXFORD INDUSTRIAL REALTY REIT INC,Real Estate
CRUS,CIRRUS LOGIC INC,Information Technology
MANH,MANHATTAN ASSOCIATES INC,Information Technology
NCLH,NORWEGIAN CRUISE LINE HOLDINGS LTD,Consumer Discretionary
TTEK,TETRA TECH INC,Industrials
CR,CRANE,Industrials
HLI,HOULIHAN LOKEY INC CLASS A,Financials
CFR,CULLEN FROST BANKERS INC,Financials
BLDR,BUILDERS FIRSTSOURCE INC,Industrials
KEX,KIRBY CORP,Industrials
NNN,NNN REIT INC,Real Estate
MASI,MASIMO CORP,Health Care
AMG,AFFILIATED MANAGERS GROUP INC,Financials
SSD,SIMPSON MANUFACTURING INC,Industrials
WYNN,WYNN RESORTS LTD,Consumer Discretionary
CRL,CHARLES RIVER LABORATORIES INTERNA,Health Care
BEN,FRANKLIN RESOURCES INC,Financials
AXS,AXIS CAPITAL HOLDINGS LTD,Financials
GFS,GLOBALFOUNDRIES INC,Information Technology
VOYA,VOYA FINANCIAL INC,Financials
QRVO,QORVO INC,Information Technology
SFM,SPROUTS FARMERS MARKET INC,Consumer Staples
ATR,APTARGROUP INC,Materials
WFRD,WEATHERFORD INTERNATIONAL PLC,Energy
RBRK,RUBRIK INC CLASS A,Information Technology
MGM,MGM RESORTS INTERNATIONAL,Consumer Discretionary
FR,FIRST INDUSTRIAL REALTY TRUST INC,Real Estate
IDA,IDACORP INC,Utilities
NFG,NATIONAL FUEL GAS,Utilities
AAL,AMERICAN AIRLINES GROUP INC,Industrials
UGI,UGI CORP,Utilities
XP,XP CLASS A INC,Financials
HSIC,HENRY SCHEIN INC,Health Care
ECG,EVERUS CONSTRUCTION GROUP INC,Industrials
ONON,ON HOLDING AG CLASS A,Consumer Discretionary
AGCO,AGCO CORP,Industrials
JEF,JEFFERIES FINANCIAL GROUP INC,Financials
CE,CELANESE CORP,Materials
LKQ,LKQ CORP,Consumer Discretionary
PCOR,PROCORE TECHNOLOGIES INC,Information Technology
HALO,HALOZYME THERAPEUTICS INC,Health Care
NOV,NOV INC,Energy
MOS,MOSAIC,Materials
Z,ZILLOW GROUP INC CLASS C,Real Estate
AM,ANTERO MIDSTREAM CORP,Energy
MTDR,MATADOR RESOURCES,Energy
HXL,HEXCEL CORP,Industrials
CART,MAPLEBEAR INC,Consumer Staples
DOX,AMDOCS LTD,Information Technology
AWI,ARMSTRONG WORLD INDUSTRIES INC,Industrials
TAP,MOLSON COORS BREWING CLASS B,Consumer Staples
STAG,STAG INDUSTRIAL REIT INC,Real Estate
AUR,AURORA INNOVATION INC CLASS A,Information Technology
BROS,DUTCH BROS INC CLASS A,Consumer Discretionary
ARE,ALEXANDRIA REAL ESTATE EQUITIES RE,Real Estate
INGR,INGREDION INC,Consumer Staples
QGEN,QIAGEN NV,Health Care
AOS,A O SMITH CORP,Industrials
LAD,LITHIA MOTORS INC CLASS A,Consumer Discretionary
EXP,EAGLE MATERIALS INC,Materials
LEA,LEAR CORP,Consumer Discretionary
POOL,POOL CORP,Consumer Discretionary
CBSH,COMMERCE BANCSHARES INC,Financials
PAYC,PAYCOM SOFTWARE INC,Industrials
KNSL,KINSALE CAPITAL GROUP INC,Financials
TKR,TIMKEN,Industrials
H,HYATT HOTELS CORP CLASS A,Consumer Discretionary
CAG,CONAGRA BRANDS INC,Consumer Staples
VFC,VF CORP,Consumer Discretionary
LNC,LINCOLN NATIONAL CORP,Financials
THG,HANOVER INSURANCE GROUP INC,Financials
FAF,FIRST AMERICAN FINANCIAL CORP,Financials
MIDD,MIDDLEBY CORP,Industrials
JHG,JANUS HENDERSON GROUP PLC,Financials
OMF,ONEMAIN HOLDINGS INC,Financials
GXO,GXO LOGISTICS INC,Industrials
AVT,AVNET INC,Information Technology
LSTR,LANDSTAR SYSTEM INC,Industrials
FNB,FNB CORP,Financials
CHDN,CHURCHILL DOWNS INC,Consumer Discretionary
AAON,AAON INC,Industrials
PB,PROSPERITY BANCSHARES INC,Financials
HR,HEALTHCARE REALTY TRUST INC CLASS,Real Estate
MSA,MSA SAFETY INC,Industrials
W,WAYFAIR INC CLASS A,Consumer Discretionary
STWD,STARWOOD PROPERTY TRUST REIT INC,Financials
RYN,RAYONIER REIT INC,Real Estate
EPAM,EPAM SYSTEMS INC,Information Technology
HRL,HORMEL FOODS CORP,Consumer Staples
RGEN,REPLIGEN CORP,Health Care
WH,WYNDHAM HOTELS RESORTS INC,Consumer Discretionary
ETSY,ETSY INC,Consumer Discretionary
GTES,GATES INDUSTRIAL PLC,Industrials
OWL,BLUE OWL CAPITAL INC CLASS A,Financials
ALGM,ALLEGRO MICROSYSTEMS INC,Information Technology
AXTA,AXALTA COATING SYSTEMS LTD,Materials
CHE,CHEMED CORP,Health Care
LW,LAMB WESTON HOLDINGS INC,Consumer Staples
ST,SENSATA TECHNOLOGIES HOLDING PLC,Industrials
MKTX,MARKETAXESS HOLDINGS INC,Financials
CHWY,CHEWY INC CLASS A,Consumer Discretionary
KMX,CARMAX INC,Consumer Discretionary
CLF,CLEVELAND CLIFFS INC,Materials
VSNT,VERSANT MEDIA GROUP INC,Communication
ACI,ALBERTSONS COMPANY INC CLASS A,Consumer Staples
CZR,CAESARS ENTERTAINMENT INC,Consumer Discretionary
MTG,MGIC INVESTMENT CORP,Financials
AN,AUTONATION INC,Consumer Discretionary
LYFT,LYFT INC CLASS A,Industrials
SITE,SITEONE LANDSCAPE SUPPLY INC,Industrials
TPG,TPG INC CLASS A,Financials
NXST,NEXSTAR MEDIA GROUP INC,Communication
GAP,GAP INC,Consumer Discretionary
SARO,STANDARDAERO,Industrials
ESAB,ESAB CORP,Industrials
CELH,CELSIUS HOLDINGS INC,Consumer Staples
G,GENPACT LTD,Industrials
PLNT,PLANET FITNESS INC CLASS A,Consumer Discretionary
MSGS,MADISON SQUARE GARDEN SPORTS CORP,Communication
OZK,BANK OZK,Financials
WEX,WEX INC,Financials
TFX,TELEFLEX INC,Health Care
FCN,FTI CONSULTING INC,Industrials
VNO,VORNADO REALTY TRUST REIT,Real Estate
DVA,DAVITA INC,Health Care
FND,FLOOR DECOR HOLDINGS INC CLASS A,Consumer Discretionary
M,MACYS INC,Consumer Discretionary
GNTX,GENTEX CORP,Consumer Discretionary
TEM,TEMPUS AI INC CLASS A,Health Care
BSY,BENTLEY SYSTEMS INC CLASS B,Information Technology
AS,AMER SPORTS INC,Consumer Discretionary
AVTR,AVANTOR INC,Health Care
CROX,CROCS INC,Consumer Discretionary
MHK,MOHAWK INDUSTRIES INC,Consumer Discretionary
RAL,RALLIANT CORP,Information Technology
VNT,VONTIER CORP,Information Technology
SIRI,SIRIUSXM HOLDINGS INC,Communication
WTM,WHITE MOUNTAINS INSURANCE GROUP LT,Financials
OLLI,OLLIES BARGAIN OUTLET HOLDINGS INC,Consumer Discretionary
PRMB,PRIMO BRANDS CLASS A CORP,Consumer Staples
BC,BRUNSWICK CORP,Consumer Discretionary
POST,POST HOLDINGS INC,Consumer Staples
RITM,RITHM CAPITAL CORP,Financials
SON,SONOCO PRODUCTS,Materials
EXLS,EXLSERVICE HOLDINGS INC,Industrials
BIO,BIO RAD LABORATORIES INC CLASS A,Health Care
FBIN,FORTUNE BRANDS INNOVATIONS INC,Industrials
BYD,BOYD GAMING CORP,Consumer Discretionary
KBR,KBR INC,Industrials
CORT,CORCEPT THERAPEUTICS INC,Health Care
UHALB,U HAUL NON VOTING SERIES N,Industrials
PCTY,PAYLOCITY HOLDING CORP,Industrials
MAT,MATTEL INC,Consumer Discretionary
SLM,SLM CORP,Financials
CWEN,CLEARWAY ENERGY INC CLASS C,Utilities
MDU,MDU RESOURCES GROUP INC,Utilities
BEPC,BROOKFIELD RENEWABLE SUBORDINATE V,Utilities
SAIC,SCIENCE APPLICATIONS INTERNATIONAL,Industrials
MRP,MILLROSE PROPERTIES INC CLASS A,Real Estate
BFAM,BRIGHT HORIZONS FAMILY SOLUTIONS I,Consumer Discretionary
DBX,DROPBOX INC CLASS A,Information Technology
LPX,LOUISIANA PACIFIC CORP,Materials
LOPE,GRAND CANYON EDUCATION INC,Consumer Discretionary
MTN,VAIL RESORTS INC,Consumer Discretionary
WING,WINGSTOP INC,Consumer Discretionary
MSM,MSC INDUSTRIAL INC CLASS A,Industrials
ENPH,ENPHASE ENERGY INC,Information Technology
S,SENTINELONE INC CLASS A,Information Technology
LBRDK,LIBERTY BROADBAND CORP SERIES C,Communication
ALK,ALASKA AIR GROUP INC,Industrials
PVH,PVH CORP,Consumer Discretionary
NVST,ENVISTA HOLDINGS CORP,Health Care
LLYVK,LIBERTY LIVE HOLDINGS INC SERIES C,Consumer Discretionary
RLI,RLI CORP,Financials
UI,UBIQUITI INC,Information Technology
CUZ,COUSINS PROPERTIES REIT INC,Real Estate
PATH,UIPATH INC CLASS A,Information Technology
VVV,VALVOLINE INC,Consumer Discretionary
ESTC,ELASTIC NV,Information Technology
TREX,TREX INC,Industrials
APLS,APELLIS PHARMACEUTICALS INC,Health Care
OLED,UNIVERSAL DISPLAY CORP,Information Technology
DUOL,DUOLINGO INC CLASS A,Consumer Discretionary
LAZ,LAZARD INC,Financials
BBWI,BATH AND BODY WORKS INC,Consumer Discretionary
HRB,H&R BLOCK INC,Consumer Discretionary
THO,THOR INDUSTRIES INC,Consumer Discretionary
VIRT,VIRTU FINANCIAL INC CLASS A,Financials
EPR,EPR PROPERTIES REIT,Real Estate
CPB,CAMPBELL SOUP,Consumer Staples
TNL,TRAVEL LEISURE,Consumer Discretionary
AMTM,AMENTUM HOLDINGS INC,Industrials
WSC,WILLSCOT HOLDINGS CORP CLASS A,Industrials
MORN,MORNINGSTAR INC,Financials
NEU,NEWMARKET CORP,Materials
NWS,NEWS CORP CLASS B,Communication
KRC,KILROY REALTY REIT CORP,Real Estate
RNG,RINGCENTRAL INC CLASS A,Information Technology
ADT,ADT INC,Consumer Discretionary
SHC,SOTERA HEALTH COMPANY,Health Care
APPF,APPFOLIO INC CLASS A,Information Technology
BRKR,BRUKER CORP,Health Care
BFB,BROWN FORMAN CORP CLASS B,Consumer Staples
AGO,ASSURED GUARANTY LTD,Financials
WLK,WESTLAKE CORP,Materials
IRDM,IRIDIUM COMMUNICATIONS INC,Communication
HLNE,HAMILTON LANE INC CLASS A,Financials
BHF,BRIGHTHOUSE FINANCIAL INC,Financials
DLB,DOLBY LABORATORIES INC CLASS A,Information Technology
COLD,AMERICOLD REALTY INC TRUST,Real Estate
OGN,ORGANON,Health Care
FHB,FIRST HAWAIIAN INC,Financials
YETI,YETI HOLDINGS INC,Consumer Discretionary
SLGN,SILGAN HOLDINGS INC,Materials
KRMN,KARMAN HOLDINGS INC,Industrials
CAR,AVIS BUDGET GROUP INC,Industrials
KD,KYNDRYL HOLDINGS INC,Information Technology
OLN,OLIN CORP,Materials
IAC,IAC INC,Communication
DOCS,DOXIMITY INC CLASS A,Health Care
ELF,ELF BEAUTY INC,Consumer Staples
GTLB,GITLAB INC CLASS A,Information Technology
CCC,CCC INTELLIGENT SOLUTIONS HOLDINGS,Information Technology
RYAN,RYAN SPECIALTY HOLDINGS INC CLASS,Financials
VKTX,VIKING THERAPEUTICS INC,Health Care
BILL,BILL HOLDINGS INC,Information Technology
JHX,JAMES HARDIE INDUSTRIES PLC,Materials
PEGA,PEGASYSTEMS INC,Information Technology
IPGP,IPG PHOTONICS CORP,Information Technology
FRPT,FRESHPET INC,Consumer Staples
DRS,LEONARDO DRS INC,Industrials
PAG,PENSKE AUTOMOTIVE GROUP VOTING INC,Consumer Discretionary
WHR,WHIRLPOOL CORP,Consumer Discretionary
BOKF,BOK FINANCIAL CORP,Financials
FOUR,SHIFT4 PAYMENTS INC CLASS A,Financials
QS,QUANTUMSCAPE CORP CLASS A,Consumer Discretionary
HAYW,HAYWARD HOLDINGS INC,Industrials
CRBG,COREBRIDGE FINANCIAL INC,Financials
NSA,NATIONAL STORAGE AFFILIATES TRUST,Real Estate
GPK,GRAPHIC PACKAGING HOLDING,Materials
EEFT,EURONET WORLDWIDE INC,Financials
HOG,HARLEY DAVIDSON INC,Consumer Discretionary
TDC,TERADATA CORP,Information Technology
RHI,ROBERT HALF,Industrials
SMG,SCOTTS MIRACLE GRO,Materials
PENN,PENN ENTERTAINMENT INC,Consumer Discretionary
PSN,PARSONS CORP,Industrials
HIW,HIGHWOODS PROPERTIES REIT INC,Real Estate
VGNT,VERSIGENT PLC,Consumer Discretionary
LINE,LINEAGE INC,Real Estate
CHH,CHOICE HOTELS INTERNATIONAL INC,Consumer Discretionary
WU,WESTERN UNION,Financials
ACHC,ACADIA HEALTHCARE COMPANY INC,Health Care
MPT,MEDICAL PROPERTIES TRUST REIT INC,Real Estate
HUN,HUNTSMAN CORP,Materials
FRHC,FREEDOM HOLDING CORP,Financials
LOAR,LOAR HOLDINGS INC,Industrials
XRAY,DENTSPLY SIRONA INC,Health Care
PK,PARK HOTELS RESORTS INC,Real Estate
ASH,ASHLAND INC,Materials
CACC,CREDIT ACCEPTANCE CORP,Financials
BRBR,BELLRING BRANDS INC,Consumer Staples
CXT,CRANE NXT,Information Technology
RARE,ULTRAGENYX PHARMACEUTICAL INC,Health Care
KMPR,KEMPER CORP,Financials
ZG,ZILLOW GROUP INC CLASS A,Real Estate
DXC,DXC TECHNOLOGY,Information Technology
BIRK,BIRKENSTOCK HOLDING PLC,Consumer Discretionary
HHH,HOWARD HUGHES HOLDINGS INC,Real Estate
FWONA,LIBERTY MEDIA FORMULA ONE SERIES A,Communication
LBTYA,LIBERTY GLOBAL LTD CLASS A,Communication
SRPT,SAREPTA THERAPEUTICS INC,Health Care
NCNO,NCINO INC,Information Technology
NWL,NEWELL BRANDS INC,Consumer Discretionary
RH,RH,Consumer Discretionary
SMMT,SUMMIT THERAPEUTICS INC,Health Care
GTM,ZOOMINFO TECHNOLOGIES INC,Communication
FMC,FMC CORP,Materials
LLYVA,LIBERTY LIVE HOLDINGS INC SERIES A,Consumer Discretionary
DDS,DILLARDS INC CLASS A,Consumer Discretionary
GLOB,GLOBANT SA,Information Technology
INSP,INSPIRE MEDICAL SYSTEMS INC,Health Care
CAI,CARIS LIFE SCIENCES INC,Health Care
SAM,BOSTON BEER INC CLASS A,Consumer Staples
LBTYK,LIBERTY GLOBAL LTD CLASS C,Communication
PRGO,PERRIGO PLC,Health Care
COLM,COLUMBIA SPORTSWEAR,Consumer Discretionary
FLO,FLOWERS FOODS INC,Consumer Staples
SEB,SEABOARD CORP,Consumer Staples
DV,DOUBLEVERIFY HOLDINGS INC,Communication
DJT,TRUMP MEDIA TECHNOLOGY GROUP CORP,Communication
SNDR,SCHNEIDER NATIONAL INC CLASS B,Industrials
MAN,MANPOWER INC,Industrials
BLSH,BULLISH,Financials
BFA,BROWN FORMAN CORP CLASS A,Consumer Staples
FIGR,FIGURE TECHNOLOGY SOLUTIONS INC CL,Financials
PPC,PILGRIMS PRIDE CORP,Consumer Staples
UAA,UNDER ARMOUR INC CLASS A,Consumer Discretionary
UA,UNDER ARMOUR INC CLASS C,Consumer Discretionary
SFD,SMITHFIELD FOODS INC,Consumer Staples
CNA,CNA FINANCIAL CORP,Financials
WEN,WENDYS,Consumer Discretionary
CLVT,CLARIVATE PLC,Industrials
CNXC,CONCENTRIX CORP,Industrials
REYN,REYNOLDS CONSUMER PRODUCTS INC,Consumer Staples
GLIBK,GCI LIBERTY INC SERIES C,Communication
COTY,COTY INC CLASS A,Consumer Staples
TFSL,TFS FINANCIAL CORP,Financials
LCID,LUCID GROUP INC,Consumer Discretionary
LENB,LENNAR CORP CLASS B,Consumer Discretionary
SAIL,SAILPOINT INC,Information Technology
CERT,CERTARA INC,Health Care
LBRDA,LIBERTY BROADBAND CORP SERIES A,Communication
UWMC,UWM HOLDINGS CORP CLASS A,Financials
CBC,CENTRAL BANCOMPANY INC CLASS A,Financials
NIQ,NIQ GLOBAL INTELLIGENCE PLC,Communication
INGM,INGRAM MICRO HOLDING CORP,Information Technology
UHAL,U HAUL HOLDING,Industrials
FRMI,FERMI INC,Real Estate
GLIBA,GCI LIBERTY INC SERIES A,Communication
-,HOLOGIC INC,Health Care
